/*
 Navicat Premium Data Transfer

 Source Server         : localhost
 Source Server Type    : MySQL
 Source Server Version : 50720
 Source Host           : localhost:3306
 Source Schema         : blog

 Target Server Type    : MySQL
 Target Server Version : 50720
 File Encoding         : 65001

 Date: 10/06/2018 20:34:56
*/

SET NAMES utf8mb4;
SET FOREIGN_KEY_CHECKS = 0;

-- ----------------------------
-- Table structure for t_admin
-- ----------------------------
DROP TABLE IF EXISTS `t_admin`;
CREATE TABLE `t_admin`  (
  `Id` int(11) NOT NULL AUTO_INCREMENT,
  `admin_Name` varchar(255) CHARACTER SET utf8 COLLATE utf8_general_ci NOT NULL,
  `admin_password` varchar(255) CHARACTER SET utf8 COLLATE utf8_general_ci NOT NULL,
  PRIMARY KEY (`Id`) USING BTREE
) ENGINE = InnoDB AUTO_INCREMENT = 2 CHARACTER SET = utf8 COLLATE = utf8_general_ci ROW_FORMAT = Dynamic;

-- ----------------------------
-- Records of t_admin
-- ----------------------------
INSERT INTO `t_admin` VALUES (1, 'Gabriel', '123456');

-- ----------------------------
-- Table structure for t_article
-- ----------------------------
DROP TABLE IF EXISTS `t_article`;
CREATE TABLE `t_article`  (
  `article_id` int(11) NOT NULL AUTO_INCREMENT,
  `article_title` varchar(255) CHARACTER SET utf8 COLLATE utf8_general_ci NOT NULL,
  `article_date` date NOT NULL,
  `article_content` longtext CHARACTER SET utf8 COLLATE utf8_general_ci NOT NULL,
  PRIMARY KEY (`article_id`) USING BTREE
) ENGINE = InnoDB AUTO_INCREMENT = 61 CHARACTER SET = utf8 COLLATE = utf8_general_ci ROW_FORMAT = Dynamic;

-- ----------------------------
-- Records of t_article
-- ----------------------------
INSERT INTO `t_article` VALUES (48, '网友盘点最好吃的15种方便面，看看你吃过吗？', '2018-05-30', '<p>\n</p><div><div><p>我们中华民族自古以来美食就非常的多，说到面食也是各式各样。被誉为“国民美食”的泡面，深受学生党、屌丝族、以及单身白领族的青睐。下面与大家分享下网友盘点最好吃的15种方便面，看看你都吃过吗？</p><p><br></p><p>No.1: 汤达人日式豚骨拉面</p><p>汤达人是统一旗下主打的一个偏向高端品牌方便面，做的口味都比较的高级，最受大家欢迎的还是日式的豚骨拉面。汤达人不管什么味道的拉面，最大的一个特点都是汤汁十分的鲜美。</p><div>\n<div>\n\n<div><img src=\"//upload-images.jianshu.io/upload_images/11061553-0ffeb806e27365b0.png?imageMogr2/auto-orient/strip%7CimageView2/2/w/700\"></div>\n</div>\n\n</div><p>NO.2: 农心 辛拉面black,煮面</p><p>口味浓郁又不油腻，辣牛骨口味，非常好吃，唯一缺点是价格偏贵，4连包30块上下，在国内比较好买，我买网天猫超市都有。</p><div>\n<div>\n\n<div><img src=\"//upload-images.jianshu.io/upload_images/11061553-0a108ef806662699.png?imageMogr2/auto-orient/strip%7CimageView2/2/w/700\"></div>\n</div>\n\n</div><p>NO.3: 今麦郎 香锅地道辣面</p><p>味道很不错，配料里面还有海带，吃的时候再加一点自己喜欢的配菜，味道很不错。</p><div>\n<div>\n\n<div><img src=\"//upload-images.jianshu.io/upload_images/11061553-b015ab533c3e1b33.png?imageMogr2/auto-orient/strip%7CimageView2/2/w/700\"></div>\n</div>\n\n</div><p>NO.4: 日清 拉王黑蒜油豚骨面，煮面</p><p>面条利用新的制面技术，真的特别有嚼劲，很爽滑。汤头同样厚重型，比汤达人薄一点，黑蒜香油很提味。必需要煮的面，煮面的时候加入一点菜。</p><div>\n<div>\n\n<div><img src=\"//upload-images.jianshu.io/upload_images/11061553-8fa08435d0d9e70e.png?imageMogr2/auto-orient/strip%7CimageView2/2/w/700\"></div>\n</div>\n\n</div><p>NO.5: 出前一丁 鸡蓉面，每包5元左右，煮面</p><p>面条加入大量鸡蛋清揉成的面，弹力佳，劲道。</p><p>汤料虽然比较少，仅有粉料和香油，但是味道比较精致，吃这种鸡汤面不会觉得特别假。半夜饿了吃这碗面，也不会腻得难受睡不着。</p><div>\n<div>\n\n<div><img src=\"//upload-images.jianshu.io/upload_images/11061553-4fe07ac3e7f27868.png?imageMogr2/auto-orient/strip%7CimageView2/2/w/700\"></div>\n</div>\n\n</div><p>NO.6: 五谷道场番茄牛腩紫薯面</p><p>这是中国泡面的骄傲，在年全球十大泡面排名中，它位列第七，是中国唯一进入排行榜的泡面，在中国排名第一是当之无愧的啦！如果有机会一定要去试一试哟！</p><div>\n<div>\n\n<div><img src=\"//upload-images.jianshu.io/upload_images/11061553-5e0f653609c81a71.jpg?imageMogr2/auto-orient/strip%7CimageView2/2/w/640\"></div>\n</div>\n\n</div><p>NO.7: 老坛酸菜牛肉面</p><p>凭借酸爽香辣的口感深受大众的青睐，最大的特色就是加入了酸菜包，很有四川特色哟！对于那些喜爱四川美食的小伙伴们来说，真的是很好哟！</p><div>\n<div>\n\n<div><img src=\"//upload-images.jianshu.io/upload_images/11061553-01a7fefd38d2b600.png?imageMogr2/auto-orient/strip%7CimageView2/2/w/700\"></div>\n</div>\n\n</div><p>NO.8: 白家阿宽重庆小面红油燃面</p><p>白家阿宽好像已经很多上榜了，这个系列的面真的很不错。味道和面条的完美融合，辣中带麻，麻中有辣，让人有欲罢不能的魔力。</p><div>\n<div>\n\n<div><img src=\"//upload-images.jianshu.io/upload_images/11061553-380e31ad0549d063.png?imageMogr2/auto-orient/strip%7CimageView2/2/w/700\"></div>\n</div>\n\n</div><p>NO.9: 五谷道场酸汤臊子莜麦面</p><p>五谷道场，中国泡面界的一股清流，被网友称为良心企业。面的口感很有嚼劲，汤的味道很好，里面还有牛肉和胡萝卜，清汤爽口，不是一般泡面的那种干巴巴的口感。</p><div>\n<div>\n\n<div><img src=\"//upload-images.jianshu.io/upload_images/11061553-750181a5c36f3179.png?imageMogr2/auto-orient/strip%7CimageView2/2/w/700\"></div>\n</div>\n\n</div><p>NO.10: 阿宽重庆小面麻辣小面</p><p>面比一般的要宽一些，但是比红油面皮要略窄。辣味恰到好处，面里还加入了芝麻、蔬菜等配料。</p><div>\n<div>\n\n<div><img src=\"//upload-images.jianshu.io/upload_images/11061553-2b2a5b9b5bd74edc.png?imageMogr2/auto-orient/strip%7CimageView2/2/w/700\"></div>\n</div>\n\n</div><p>NO.11：康师傅西红柿鸡蛋打卤面</p><p>西红柿鸡蛋，口味清淡，根西红柿炒鸡蛋的味道差不多，喜欢吃清淡口味的朋友可以选择。</p><div>\n<div>\n\n<div><img src=\"//upload-images.jianshu.io/upload_images/11061553-b3a74e703b6c8fd5.png?imageMogr2/auto-orient/strip%7CimageView2/2/w/700\"></div>\n</div>\n\n</div><p>NO.12：韩国三养（SAMYANG）火鸡面</p><p>这款方便面是韩国流行起来的，不能吃辣的朋友们还是不要尝试了。这款面不能用水煮，一定要用开水泡。口感不错，但后辣劲还是蛮足的。</p><div>\n<div>\n\n<div><img src=\"//upload-images.jianshu.io/upload_images/11061553-3762999ef84c09df.png?imageMogr2/auto-orient/strip%7CimageView2/2/w/700\"></div>\n</div>\n\n</div><p>NO.13：汤达人 酸酸辣辣豚骨面</p><p>味道比日式豚骨味道要浓一些，多了几分酸辣的口感。但吃起来，味道也是相当的不错！</p><div>\n<div>\n\n<div><img src=\"//upload-images.jianshu.io/upload_images/11061553-77fca9ffc546ad47.png?imageMogr2/auto-orient/strip%7CimageView2/2/w/700\"></div>\n</div>\n\n</div><p>NO.14：南街村面</p><p>现在根本买不到小时候的味道了，这个是我认为最接近的一种，不假，很好吃，因为很脆，所以面块边缘有一点破，不影响味道，大爱，吃的停不下来。</p><div>\n<div>\n\n<div><img src=\"//upload-images.jianshu.io/upload_images/11061553-73e20b94696b930a.png?imageMogr2/auto-orient/strip%7CimageView2/2/w/700\"></div>\n</div>\n\n</div><p><br></p><p>NO.15：公仔面</p><p>\"公仔面\"创始于1968年，是中国香港制造的第一家方便面品牌。小泡面当夜宵饿了吃还不错，一次能吃三个，超级满意，味道很好，吃了后胃暖暖的很舒服，支持。</p><p><br></p><div>\n<div>\n\n<div><img src=\"//upload-images.jianshu.io/upload_images/11061553-c2d1678e8a368177.png?imageMogr2/auto-orient/strip%7CimageView2/2/w/700\"></div></div></div></div><br><br></div>\n\n');
INSERT INTO `t_article` VALUES (50, '多年经验的大厂程序员，如何突破技术瓶颈？', '2018-05-31', '<p>\n\n</p><p>了解。</p><p>他们处在自信与焦虑的挣扎点，一方面对现有工作得心应手，另一方面又找不到技术和职场的突破口。当程序员们技术处在瓶颈期时，自然会恐慌：无论资本处在狂热还是寒冬，无法成长的人，注定是竞争中的牺牲品。</p><p>我认为，他们患上了「大厂通病」。</p><p><span>大厂通病：3年时遇见技术瓶颈</span></p><p>技术瓶颈的外在表现，往往源于内因。根据候选人们的表述，无法提升的内因如下：</p><p>1）成为熟练工种后，不再尝试挑战</p><p>2）大厂加班过多导致缺乏个人思考时间</p><p>3）精力过于分散，无法集中精力做编程</p><p>然而，细究所谓「大厂通病」，我们难以认同这些「内因」，它们更像是借口，也形成悖论：熟练工种会认为工作无压力，真正觉得工作轻松的人，会常无效加班、精力易分散吗？</p><p>让我们分别分析「内因」背后的「借口」是什么。</p><p><span>借口一 :成为熟练工种后，不再尝试挑战</span></p><p>很多出现技术瓶颈的大厂程序员表示：他们技术提升最快速都在工作第一年，会花费大量时间钻研与学习。理由无非有二：1.刚毕业具有冲劲和好奇心 2.工作对于新人难度大，会在磨练中成长。</p><p>当技能逐渐熟练，解决工作内容显得得心应手时，他们会失去好奇心，失去压迫感，从而满足现状：放低自身要求，认为编程技术在满足开发软件需求情况下，编出来就行，如果要达到更苛刻标准，纯看上司要求，或自身兴趣，无奈他们已然没了兴趣。</p><p>拆穿借口：熟练是伪装外皮，无危机感、无上升意识是本质。他们最大问题在于：技术仍停留在一两年前，没有所谓 3年工作经验，错将重复性操作当作技能经验。</p><p><span>借口二 ：大厂加班过多导致缺乏个人思考时间</span></p><p>一名 4年工作经验的 Java候选人，正在 100offer看机会，如今有份 A厂的 offer摆在他面前，leader虽认可他的技术基础能力和业务理解能力，但仍在观望中，offer还未给到我们的候选人，深究原因，令人深思——</p><p>A厂目前在布局大数据，需要大量人才，在缺少 Scala工程师的前提下，A厂会需要 Java工程师来做大数据工作。该候选人表示：首先，这与他现在做的 SDN开发有太大出入，其次，他虽然有 4年 Java经验，但大厂通常爱加班，导致他几乎没有个人时间，从而渐渐失去了解新领域、新技术的精力和兴趣，对于大数据崛起也只是略有耳闻。</p><p>认为加班使得个人成长停滞不前的人不止他一个人，骇人听闻的 996、周末轮班工作等制度，会让他们精力过多被消耗，对待工作稍显应付，回到家中也无暇思考。</p><p>拆穿借口：不关注外界信息和加班多无必然联系，并且，问题在于，他们自身成长速度完全取决于其工作内容的强度和难度，当工龄久了，工作只有加班强度，没有技术难度，成长便会停滞。</p><p><span>借口三 ：精力过于分散，无法集中精力做编程</span></p><p>某 F轮后 O2O大厂的 Java候选人，正在准备寻求新机会，问他为何选择离开前景大好的公司时，他和我们描述了两个原因。</p><p>第一，该公司盈利重点处在转型期，餐饮、金融、物流都打算发力，战略转型使得各部门资源都不足，打法显得混乱，甚至有争夺资源产生内耗的现象。身为基层技术 leader的他，渐渐感觉精力过于消耗。</p><p>第二，新任领导的管理风格更让他不满，作为中间层的技术管理，大部分时间和精力都浪费在了上下级的沟通中，至于技术，很早以前就处于停滞不前的状态了。</p><p>不止他一人有以上烦恼，3年工作经验的程序员，不会再只做编程，还会参与到软件设计、项目管理、与用户或领导沟通中，精力难以集中。如果遇上公司转型期或动荡期，更会分身乏力，导致无论是主动学习还是钻研技术上，都失去热情。</p><p>拆穿借口：不需要沟通的技术人员根本不存在，合理利用精力用于沟通，是用技术解决问题的快捷方式之一。</p><p>我并不是否认以上三点「大厂通病」不存在，的确是多数3年工作经验大厂程序员的共有困惑，但是，撕下借口的伪装，从逼迫自己改变开始，才是正解。</p><p><span>如何解决「大厂通病」所带来的技术瓶颈？</span></p><p>扔掉借口从改变环境做起，跳槽 or转岗？无论怎么选，都是逼迫自己改变的开始，陷在悖论中倒不如去打破僵局，打破的方法，我从以下两点来深究。</p><p><span>1.熟练工？加班多？是你太舒适了</span></p><p>我近期重点跟进了一名架构师候选人，他 6年工作经验、跳槽前年薪 64万、持 15万股票，纵观他职业发展路径，除去第一家公司，后三家公司皆为大厂，他在 3年工作经验时，未遇见所谓的「大厂通病」，更没有技术瓶颈。</p><p>首先，来看该候选人在 3年经验的工作内容：</p><p>1）承担工作为数据团队前端开发(各种 js编写，熟悉 jquery，extjs等常用框架及原生 js)</p><p>2）报表工具制作(主要适用技术是 extjs / finereport / jfreechart)</p><p>3）日常分析任务(mapreduce / hive)</p><p>4）调度系统的维护和某项目开发(前端+后端 jsp+struts2+hbase+redis+mysql+hadoop)</p><p>5）分析团队的定时任务的管理</p><p>对 3年工作经验的程序员来说，以上工作并不轻松。他在接受 100offer采访时表明，他会先注重个人的输入，每日阅读两小时技术书籍，每周都研究源码，之后，他更看重他的有效工作，即具有创造性的输出，重复性代码是不会带来实际性成长。</p><p>在他发现开始做大量重复性代码、无法通过工作内容上升技术时，他选择了跳槽。</p><p>跳槽后，他在中间件团队工作，中间件是独立系统软件，分布式应用软件能借助该软件在不同技术间共享资源，他认为那是他「创造性输出」的最好时机，他负责了基础组件开发，主要是可靠消息系统 qmq和异步 redis客户端，参与研发任务调度系统，做了类鹰眼的 trace系统、dubbo服务化工程、监控系统等。</p><p>通过他的案例，能够察觉：实践始终是源于理论又高于理论的，不难发现，所谓「熟练工」、「加班多」仅是个人借口，要做的，是远离舒适区，逼迫自己成长。</p><p>首先，请发挥主观能动性，做出改变。我给出以下两点建议——</p><p>1）多次检阅基础知识，将有效技能掌握牢固，把各类基础知识串联成完整体系。技术不可满足现状，懂得把编程技术从功能实现转向软件构架、参数化设计等高阶方面，在共享、通用、标准化方面有所建树。</p><p>2）当你觉得自己了不起时，多看源码，多研究源码，不少所谓 3年经验的程序员，根本没达到熟练程度，研究源码，会发现太多不足。Java学得精深的人，可以横向去了解 Scala，看看Java有哪些局限；或者纵向的去深入钻研底层的 JVM，如果在学习新技能时感到吃力，你便知：你并未了解自己，你实力仍处于普通阶段。</p><p>如果你缺乏自制力，再考虑换离环境。回想你为何初入职场时能快速提升？是因为新手期的你确实在技术上缺乏太多，所以愿意在工作中快速学习。同理，当你转岗或跳槽后，会面临新的挑战，从而逼迫自身成长。</p><p>2.精力被分散？你得先弄清楚技术究竟是干嘛的</p><p>技术是用来解决问题的。很多大厂程序员都认为唯有技术才是实力的体现，这是很大的误区。当你不懂与同事沟通、不懂如何推进工作，你磨练的技术也解决不了问题。</p><p>编程技术只占到工作能力的 40%，客观分析自己劣势所在，有时并不是外界分散了你的精力，导致无法专心技术，而是自身根本没有理解技术和工作的关系。</p><p>首先，从主观上解决沟通所带来的精力分散问题。</p><p>1）时间管理。沟通是有技巧的，学会分配沟通时间，无论是与上司、同事、下级还是用户，都在沟通前预约好沟通时间，在不是真正紧急的情况下，他人打断你的工作思路，你可以合理表示拒绝，选择预约其它时间交流。</p><p>2）表达清楚更重要。《计算机程序的结构与解释》一书说：程序写出来是给人看的，附带能在机器上运行。写代码其实是书面沟通的另一种表现方式。技术成长到一定程度，多数人都会到达无法增长的天花板区域，决定初级程序员和优秀程序员的关键点，不是他们会多少类编程语言，也不是他们 C++、Go、PHP用得更厉害，而是表达清楚想法，让他人协助他高质量完成工作内容，通过思路完整的技术文档，让其他程序员能读懂，通过逻辑清晰的沟通，让产品、设计也能够接受，不必让代码重新再写一遍。</p><p>附赠一句卡耐基的名言：一个人的成功，约有 15%取决于知识和技能，85%取决于沟通——发表自己意见的能力和激发他人热忱的能力。</p><p>其次，如果完全是外界的原因，你的选择依旧是：换环境。</p><p>当公司不能让你的能力提升时，离开是好的选择，优秀的公司自然会让员工也随之提升，实现个人价值，才会进一步实现共同价值。</p><p>换环境无非是转岗或者跳槽。如果你在公司内部转岗，会给你带来技术广度，在工作中主动吸收新技能的知识。选择跳槽则有两个可能性：1.换领域，依旧是增加广度。2.同一领域，增强工作压力，这是深度的体现。</p><p>我给出一点建议：同一领域下的深耕经营，会有更远发展，即便是细分领域，也不会影响你在技术上的知识广度。</p><p>「大厂通病」给程序员所带来的技术瓶颈必然存在，但面对问题时，更多人是拿所谓「通病」当挡箭牌，缺乏主观能动性。</p><p>如果做不到主动改变，那么，患了「大厂通病」的程序员们，你该考虑考虑转岗或跳槽，逼迫自己成长，也是一剂良药。</p><h4>如果你想突破那么请注意! &nbsp;! &nbsp;!</h4><p>1、具有1-5工作经验的，面对目前流行的技术不知从何下手，需要突破技术瓶颈的可以加。<br></p><p>2、在公司待久了，过得很安逸，但跳槽时面试碰壁。需要在短时间内进修、跳槽拿高薪的可以加。</p><p>3、如果没有工作经验，但基础非常扎实，对java工作机制，常用设计思想，常用java开发框架掌握熟练的，可以加。</p><p>4、觉得自己很牛B，一般需求都能搞定。但是所学的知识点没有系统化，很难在技术领域继续突破的可以加。</p><h4>5. 群号：Java大神交流二群 561614305&nbsp; 备注好信息！</h4><p>6.阿里Java高级大牛直播讲解知识点，分享知识，多年工作经验的梳理和总结，带着大家全面、科学地建立自己的技术体系和技术认知！</p>\n\n');
INSERT INTO `t_article` VALUES (52, '我骄傲！我是河南人！', '2018-06-09', '<p>\n\n</p><div><div><p>在中国，河南一直是被黑得最惨的一个省份。<br></p><p>“偷井盖的是河南人，骗人的是河南人，人贩子是河南人。很多人一提起河南，立马就露出鄙夷的表情；每年网上都有无数的段子出来，花式黑河南。”</p><hr><p>一有什么坏事是河南人做的，立马有人喷“你们河南人就是这样”，上升到地域黑。<br></p><hr><p>很多人并不认识真正的河南人，也从来没有去过河南。他们凭着自己从网上看到的只言片语，就这样给一个大省，和它的一亿人民贴上了这样的标签。<br></p><p>更有甚者，昨天竟然有位年轻人公开在抖音上辱骂从古到今，河南人没有一个好东西。</p><hr><p><b>这个弱智的年轻人肯定没读过几天书。</b></p><p><b>让我浅浅的带你了解下河南:</b></p><hr><p>人文初祖——伏羲，创立八卦开启了中华民族的文化之源，是河南人（淮阳）；</p><hr><p>人文始祖——轩辕黄帝，统一天下奠定中华，肇造文明，是河南人（新郑）；<br></p><hr><p>创字鼻祖——仓颉，是河南人（南乐）；<br></p><hr><p>道家始祖——老子，是河南人（鹿邑）；<br></p><hr><p>纵横家鼻祖——鬼谷子，在河南济源王屋山创办了“中华第一军校”，培养了孙膑庞涓等军事家；<br></p><hr><p>庄学始祖——庄子，是河南人（商丘）；<br></p><hr><p>墨家始祖——墨子，是河南人（民权）；<br></p><hr><p>法家代表——韩非子，是河南人（新郑）；<br></p><hr><p>法家代表——商鞅，是河南人（内黄）；<br></p><hr><p>商圣——范蠡，是河南人（淅川）；<br></p><hr><p>医圣——张仲景，是河南人（邓州）；</p><hr><p>科圣——张衡，是河南人（南阳）；</p><hr><p>诗圣——杜甫，是河南人（巩义）；</p><hr><p>诗王——白居易，是河南人（新郑）<br></p><hr><p>诗鬼——李贺，是河南人（宜阳）；<br></p><hr><p>三杰之——刘禹锡，是河南籍（洛阳）；<br></p><hr><p>唐宋八大家之——韩愈，是河南人（孟州）；<br></p><hr><p>小李杜之——李商隐，是河南人（原籍河南沁阳，祖辈迁郑州荥阳市）；<br></p><hr><p>中国四大才女之——蔡文姬，是河南人（杞县）；<br></p><hr><p>画圣——吴道子，是河南人（禹州）；<br></p><hr><p>字圣——许慎（《说文解字》作者），是河南人（漯河召陵）；<br></p><hr><p>国神——比干，是河南人（淇县）；<br></p><hr><p>大泽乡起义领袖——陈胜（登封）、吴广（太康），是河南人；<br></p><hr><p>骚体赋的代表作家——贾谊，是河南人（洛阳）；<br></p><hr><p>巾帼英雄——花木兰，是河南人（商丘虞城）；<br></p><hr><p>一代名相——姚崇，是河南人（陕县）；<br></p><hr><p>蔺相如，是河南人（安阳古相村）；<br></p><hr><p>唐玄奘，是河南人（洛阳偃师）；<br></p><hr><p>司马懿，是河南人（焦作温县）；<br></p><hr><p>中国近代音乐鼻祖、旷世奇才朱载堉，是河南人（沁阳）；<br></p><hr><p>精忠报国的民族英雄岳飞，是河南人（安阳汤阴）；<br></p><hr><p>一代英杰吉鸿昌，是河南人（扶沟）；<br></p><hr><p>抗日英雄杨靖宇，是河南人（确山）。<br></p><hr><p>打响八年全面抗战第一枪的民族英雄 吉星文，是河南人（扶沟）。<br></p><hr><p><b>河南人其实也没什么可怕的，只不过</b><br></p><hr><p>在五六十万年以前河南就有了猿人活动；<br></p><p>中华姓氏前100个大姓中有78个发源于河南；</p><hr><p>河南舞阳贾湖遗址出土了世界上年代最早、保存最完整的骨笛，改写了世界音乐史；<br></p><hr><p>在中华民族5000年的文明史上，河南作为全国政治、经济、文化中心长达3000年，先后有20多个朝代、200多位皇帝在此建都、执政；<br></p><hr><p>全国八大古都河南有其四：郑州、安阳、洛阳、开封；形成了中国最早的文字――甲骨文；<br></p><hr><p>河南孕育、诞生了中国四大发明<br></p><hr><p>发源地中国第一古刹、中国佛教发源地白马寺在河南（洛阳）；</p><p>列入《世界文化遗产名录》的龙门石窟在河南（洛阳）；<br></p><hr><p>安葬忠义之士关羽首级的关林在河南（洛阳）；<br></p><hr><p>中国古代最大的粮仓含嘉仓在河南（洛阳）；<br></p><hr><p>中国第一名刹少林寺在河南<br></p><hr><p>“万山之祖、五岳之中”的中岳嵩山在河南（登封）；<br></p><p>中国最古老的柏树“将军柏” 在河南（登封）；</p><hr><p>五岳中现存最古老、最庞大的古建筑群中岳庙在河南（登封）；<br></p><hr><p>中国四大书院之一的嵩阳书院在河南（登封）。<br></p><hr><p>汉代中国冶铁中心古荥冶铁遗址在河南（荥阳）<br></p><p>锻造了九大名剑之首的棠溪宝剑的冶铁铸剑圣地在河南；西平</p><hr><p>一座内乡衙，半部官文化的内乡县衙在河南（内乡）；<br></p>中国\"万里茶路\"的枢纽和中转站<p>中国十大\"影响世界的中国文化旅游名镇\"赊店古镇（社旗）</p><hr><p>堪称为露天艺术博物馆的皇家陵墓群北宋皇陵在河南（巩义）；</p><p>诸葛亮初出茅庐、一把火烧退曹操百万雄兵的博望坡之战的古战场在河南（方城）；</p><hr><p>以弱胜强、成就一代枭雄曹操的官渡之战的古战场在河南（中牟）；<br></p><hr><p>盘古开天地的盘古山在河南（泌阳）；<br></p><hr><p>“愚公移山”的王屋山在河南（济源）.<br></p><hr><p>中国年代最早的恐龙蛋化石群在河南（西峡）；<br></p><p>中华武术苑中的奇葩陈氏太极拳在河南（温县）</p><hr><p><b>如果你是一名河南人，真是应该感到自豪！</b><br></p><hr><p><b>如果没有河南</b><br></p><p>中国的GDP就会直线下滑！据2017上半年GDP增速数据显示，河南排第8，原来河南没我们想象的那么穷。</p><hr><p><b>如果没有河南</b><br></p><p>中国就少了粮食总产量的十分之一，勤劳的河南人，用占全国1/16的耕地，生产了全国1/10以上的粮食，养活了占全国1/13的人口。</p><hr><p><b>如果没有河南</b><br></p><p>中国美食就会少掉一大片。</p><hr><p><b>如果没有河南</b><br></p><p><b>中华民族就没有了根，河南是中华民族与中华文明的主要发祥地之一 ，中国古代四大发明中的指南针、造纸、火药三大技术均发明于河南。河南拥有几千年文明，更诞生了洛阳、开封、安阳等古都。</b></p><hr><p><b>如果没有河南</b><br></p><p>央视的主持团队就失去了半边天，李瑞英、海霞、朱军、张泽群等均是河南人。</p><hr><p><b>如果没有河南</b><br></p><p>中国文坛就少了许多中流砥柱之人，“诗圣”杜甫、还有“诗魔”白居易更是生于河南，更有著名文学家蔡文姬、潘安、韩愈、刘禹锡、元稹、李贺、李商隐等。</p><hr><p><b>如果没有河南，大名鼎鼎的以二月河，李庚辰，周同宾，周大新，李天岑，秦俊，廖华歌为首的南阳作家群就不会占领文坛半壁江山？</b><br></p><hr><p><b>说河南人不见义勇为，单就看一个城市南阳！</b></p><p><b>仅仅在南阳，著名作家李庚辰笔下的家乡人</b>:</p><p>在四川抗震救灾中献出年轻生命的抗震英雄武文斌是南阳人，</p><p>在广东东莞街头与持刀强盗英勇搏斗的宋守印是南阳人，</p><p>在湖南娄底舍己救人的殷晓非是南阳人，</p><p>在江苏昆山爆炸案中冒死救人的邹令冬是南阳人，</p><p>在新疆阿克苏制服持刀歹徒的李运航也是南阳人。</p><p>此外，被中宣部命名为“全国岗位学雷锋标兵”的郭春鹏、姬海潮是南阳人，</p><p>被天津人誉为“挺举三兄弟”的舍己救人英雄刘新军、贾晓玉和杨明是南阳人，</p><p>以六十九岁高龄勇救四名落水儿童的“最美奶奶”、荣登“中国好人榜”的柴小女还是南阳人！</p><p>2月8日，央视推出2016“感动中国”十大年度人物，其中为了抢救儿童、三闯火海、将自己烧成“炭人”的英雄烈士王锋依然是南阳人！</p><p><b>难怪有人说：“南阳好人多，把好事做到全中国！”，而南阳不过只是河南的一部分。</b></p><hr><p><b>如果没有河南</b><br></p><p>中国的武术文化就会失去灵魂，技冠天下的中原武术文化将会消失不见。</p><hr><p><b>如果没有河南</b><br></p><p>牡丹的传奇如何延续？日前，洛阳牡丹文化节刚被获评为中国”十大花节“之首。</p><hr><p>说河南人没思想<br></p><p><b>老子、庄子、墨子、韩非子、程颐、程颢笑了</b></p><h4><hr></h4><p><b>说河南人不懂医学</b><br></p><p><b>医圣张仲景笑了</b></p><hr><p><b>说河南人不懂艺术</b><br></p><p><b>吴道子、蔡邕、宋徽宗赵佶笑了</b></p><hr><p><b>说河南人不爱运动</b><br></p><p><b>邓亚萍、宁泽涛、刘国梁、陈中、孙甜甜笑了</b></p><hr><p><b>说河南人不会打仗</b><br></p><p><b>李斯、诸葛亮、刘秀、岳飞都笑了</b></p><hr><p><b>说河南人不刚硬</b><br></p><p><b>杨靖宇、吉鸿昌笑了</b></p><hr><p><b>说河南人不出美女<br></b></p><p><b>赵雅芝、蒋欣笑了</b></p><hr><p><b>说河南女人懦弱<br></b></p><p><b>花木兰、任长霞、航天员刘洋笑了</b></p><hr><p><b>说河南的干部不实干</b><br></p><p><b>焦裕禄、史来贺笑了</b></p><hr><p><b>说河南人不诚实，没有好东西</b></p><p><b>一亿河南人民笑了，只有不是东西的疯狗胡叫乱咬才会这么没有素质！</b></p><p><b>还有谁比河南更委屈？</b><br></p><p>它明明是炎黄文化，是中华文化发源的地方，是中国开始的地方，有十三朝古都洛阳，有中国最顶尖的少林文化，有高速发展的城市和经济。却因为那些不负责任的言论，被掩去了它本身全部的光芒。</p><p>还有谁比河南人更委屈？</p><p>他们明明受一样的教育，有着一样的世界观，一样上进地为生活打拼，一样温和善良地对待这个世界。却被那些偏见，被逼得在说到自己家乡的时候，会犹疑和自卑。</p><hr><p><b>那些说河南不好的人你有什么资格来评判河南？</b><br></p><p>我们都很清楚，林子大了什么鸟都有，不是所有的鸟都是坏鸟，出现坏鸟跟林子也没有直接关系。</p><p><b>不要拿个别负面小人一概而论所有的河南人！</b></p><p><b>稍微有点素质有点文化的人，应该都不会用地域去评价一个人。</b></p><p><b>生而为河南人，我很坦然。我爱我的国家，我爱这片土地上的每一个人，希望你也一样。</b></p><p>“<b>总有人愿意惯性地地域黑，所谓惯性，就是一看到那两个字，不问缘由，先劈头盖脸黑一番再说，用最丑恶的语言攻击自己的同胞来寻求自我优越，但你别忘了，你首先是一个中国人，你嘴里的河南，很可能就会成为日后别人嘴里的中国。”</b></p><p><b>因为我们是河南人</b></p><p><b>所以我们容不得他人诋毁河南</b></p><p><b>因为我们是河南人</b></p><p><b>所以我们都肩负着发展河南的大任</b></p><p><b>因为我们是河南人</b></p><p><b>所以无论他人怎么说，在我们心中</b></p><p><b>河南永远是每个人心中的骄傲！</b></p><hr><p><b>河南人喝着黄河水，</b><br></p><p><b>河南人说着中州韵，</b></p><p><b>河南人听着梆子腔，</b></p><p><b>河南人怀着赤子心，</b></p><p><b>河南人读着先贤的经典，</b></p><p><b>河南人铭记自己是炎黄的后人！</b></p><p><b>河南人骄傲！</b></p><p><b>我们有灿烂辉煌的过去！</b></p><p><b>河南人骄傲！</b></p><p><b>我们有奋发图强的自信！</b></p><p><b>河南人用百分之六的土地，</b></p><p><b>养活了百分之十的人民，</b></p><p><b>可知河南人付出了多少辛勤的汗水！</b></p><p><b>河南有百万考生，</b></p><p><b>优秀的大学却乏善可陈，</b></p><p><b>你可知为了追求知识，</b></p><p><b>河南人付出了超乎寻常的勤奋！</b></p><p><b>今天，河南的客车，</b></p><p><b>已经行销了全世界！</b></p><p><b>今天，河南的航空港，</b></p><p><b>已经引来了万商如云！</b></p><p><b>看，毛主席来了，</b></p><p><b>他说，河南发展则天下安稳！</b></p><p><b>看，习主席来了，</b></p><p><b>他说，实干兴邦，</b></p><p><b>中华复兴，离不了亿万河南人！</b></p><p><b>我知道这就是今日腾飞的中原！</b></p><p><b>我知道这就是明日辉煌的强音！</b></p><p><b>我骄傲，我是河南人！</b></p><div>\n<div>\n</div></div></div><br></div>\n\n');
INSERT INTO `t_article` VALUES (53, '你是世间最明朗的晴天', '2018-06-09', '<p>\n\n</p><div><divshow-content\"><div><div><div><div><img src=\"https://upload-images.jianshu.io/upload_images/5622904-aa77cba0b7adda00.jpg?imageMogr2/auto-orient/strip%7CimageView2/2/w/564\"></div></div><div><br></div></div><p>2018年5月22日&nbsp; 星期二&nbsp; 晴<br></p><p>并不是所有的爱情都是西餐烛火，还有些夫妻凭借一腔孤勇，相依为命。</p><p>他们彼此相拥着取暖，是情侣更是战友，一起对抗人间的苦难。</p><p>1</p><p>又是一年杨柳絮飞扬的时节，人们的春心也随着春风荡漾。</p><p>2010年的三、四月份，罗曼和男朋友张昭已经大学毕业整整两年了。</p><p>大学毕业后，他们很快在同一个单位找到了一份满意的工作。</p><p>两年来，由于他们本身的优秀和对工作认真负责的态度，他们的工资在两年内加了三次。很快的攒了一笔钱，交了他们婚房的首付，余下来的钱准备办一场简单的婚礼。</p><p>其实，罗曼的父母是做牛羊肉生意的，在当地特别有钱，每天他们的纯收入都在5千到7千块钱。</p><p>看着张昭是农村出来的孩子，罗曼的父母知道让孩子在大城市买房不容易，本来是要送两个孩子一套婚房的。</p><p>可是，强烈的自尊心的驱使，张昭没有接受岳父的馈赠。他和罗曼相约，一定要靠自己的能力来实现他们想拥有的一切。</p><p>2011年的5月20号，张昭和罗曼在亲朋好友真挚的祝福声中，步入了婚礼的殿堂。</p><p>罗曼在被张昭抱上婚车的前一刻，罗曼的母亲拉着女儿的双手，告诉女儿，结婚后，经济上有什么困难，千万不能硬撑着，必要的时候，一定要对她说一声。</p><p>罗曼笑着对母亲说：“妈妈，您放心吧。我们一定会过的很幸福的。”</p><p>女儿这样说，做母亲的，唯有祝福。</p><p>神圣不可侵犯的婚礼上，他们彼此说出了自己的誓言：无论疾病还是健康，他们都会和对方相伴一生一世；无论是贫穷还是富有，他们都会对对方不离不弃。</p><p>2</p><p>婚后，张昭和罗曼过的甜蜜而幸福。</p><p>一个月后，罗曼发现自己怀孕了。</p><p>那个月光如水的夜晚，柔和的月光洒满在了他们婚房的每一个角落，也撒满了罗曼柔情似水的心。</p><p>罗曼坐在客厅的沙发上，看着张昭拿着拖把，把家里的角角落落拖的干干净净。她软绵绵的目光深情的在他的脸上摸来抚去。</p><p>当张昭拖完地的时候，一抬头，他的目光触到了罗曼的眼睛。他哈哈大笑起来：“你怎么用那么色迷迷的目光看着我？”说着，他快步走到卫生间，放下拖把，洗了手后来到罗曼的身边，在罗曼身边坐了下来“欲行不轨”。</p><p>却被罗曼笑着暂时推开了：“告诉你个好消息！我……”罗曼看着张昭急迫的眼睛，羞红了脸。</p><p>“什么好消息？快说呀！”张昭又想抱抱罗曼。</p><p>“咱们有孩子啦！”罗曼开心的说着。</p><p>“真的真的？天哪！我要做爸爸了！”张昭像个孩子一样，从沙发上跳了起来。然后又轻轻的在罗曼身边坐下来，“从现在开始，我要注意我的一言一行一举一动，给我的小宝贝做个好的榜样！”</p><p>看着张昭那么开心的样子，她也为自己能给最心爱的人带来幸福而开心。</p><p>3</p><p>在张昭和罗曼结婚不到一个月的时候，罗曼的父母的牛羊肉生意，已经慢慢的走向了下坡路，但是，爱女心切的父母没有把这件事对罗曼说。他们不想因为这件事而影响孩子们的心情，让他们新婚的日子心事重重。</p><p>罗曼的父母想趁着牛羊肉生意彻底做不了之前，打算投资其它的生意。</p><p>不知不觉，罗曼已经怀孕五个多月了。</p><p>张昭和罗曼的生活一直恩爱甜蜜。有时候，他们也抽空回家看看双方的父母。</p><p>尤其是罗曼的父母，看到罗曼和张昭那么开心幸福时，他们都为两个孩子的幸福而感到高兴。所以，他们的生意慢慢走下坡路的事话到嘴边又咽下。</p><p>这天，罗曼和张昭去了父母家后，回到了他们的小家。罗曼感到有点儿累，腰还有点儿疼。</p><p>张昭赶紧让罗曼在床上躺了下来。他就去做晚饭了。</p><p>以前，罗曼都是在餐厅的餐桌边吃饭的。可是这次她的腰椎特别的疼，即使想坐起来，也非常的吃力。最后，还是张昭揽着她的腰，把她从床上扶起来的。</p><p>看到自己的老婆为了给他怀孩子，忍受着那么强烈的痛苦，张昭在罗曼的额头上狠狠的亲了一口：“老婆，你辛苦了。这段时间我一定好好的照顾你！”</p><p>这一顿晚饭，罗曼是坐在床上吃的。</p><p>窗外寒风刺骨，罗曼在张昭的照顾下却感觉心里温暖如春。</p><p>本来以为吃过饭后休息一会儿就会好的。</p><p>没想到，睡到半夜的时候，罗曼想上厕所，却怎么也坐不起来了。</p><p>她只好摇醒了身边熟睡的张昭。</p><p>张昭扶着罗曼上了厕所。罗曼忍着疼，呲牙咧嘴地说：“原来做个母亲这么难啊！”</p><p>张昭笑着说：“所以人家都说母爱是无私和伟大的嘛！唉！老婆，可惜我怀不了孩子，如果我有这个功能，我一定不会让你受这罪。”</p><p>4</p><p>年轻的小两口知道这是怀孕的正常症状。也就没有想的太多。</p><p>可是，第二年春草发芽的时候，罗曼生了宝宝以后，还是腰痛难耐。她这才告诉了母亲。</p><p>母亲一听，感觉有点儿奇怪。因为她也是怀过孩子生过孩子的女人。在她怀罗曼的时候，可没有这么严重的症状。</p><p>张昭一听，心里也紧张起来。</p><p>第二天，他带罗曼来到省人民医院。</p><p>做了一系列检查和化验后，罗曼被确诊为：</p><h4>强直性脊柱炎中晚期。而这个病在医学上俗称“不死癌症。”</h4><p>到目前来说，这种病在世界上没有一例临床治好的病例。</p><p>对于正常人来说，睡觉时候翻一个身或者动一下，应该是很容易的。但对罗曼来说特别困难，而且遇到换季或者是天冷，她的病痛就会比较明显。</p><p>而且随着病情的恶化，罗曼最终会瘫痪在床上。</p><p>当罗曼得知自己得了这么严重的疾病的时候，她的心都快要死了，对生活充满了深深的绝望。而她最对不起的人就是自己的老公张昭。</p><p>张昭还年轻，以后的日子，他整天守着一个活死人，他该怎么过？</p><p>无奈之下，她故作平静的对张昭说：“我们离婚吧，我不想拖累你。”</p><p>“你说什么呢？什么叫拖累我？从我认识你的那天起，我就在心里发誓，无论我们在一起以后遇到了什么困难，我都会对你不离不弃的。现在你得了这个病，正是需要我照顾你的时候，我怎么能做到对你不管不顾？</p><p>从今天起，你不要胡思乱想了。好好在家养病，我是你的老公，无论你的病多么严重，花多少钱，都由我来！我自己选择的路，跪着也要走完。”</p><p>5</p><p>当罗曼的父母得知女儿得了这么严重的病时，也是罗曼的父亲在投资了一个大的项目后，被别人骗光钱财的时候。别人骗了钱，这些账全部都得由罗曼的父亲承担。</p><p>放在以前的日子，罗曼的父母轻而易举拿出几十万是不成问题的。可是，目前这个情况，他们也是靠着贷款在过日子。</p><p>而他们不敢把这事对罗曼说出来。</p><p>罗曼生了病，这辈子都离不开生物制剂和激素类的药物了。如果是进口的那种生物制剂的话，一针就得好几万块，但是只可以维持半年。最普通的那种针剂，400多块钱一针，一个月要打四针，外加上吃药和检查的费用，每个月最少需要一万。</p><p>罗曼的父母没有钱了。但作为母亲，她还是想尽心尽力的拿出自己现在的一切，来给女儿治病。在万般无奈之下，她只有卖掉了她所有的金银首饰，就是连她这么多年来一直不离身的玉镯子她也变卖了。</p><p>当罗曼的母亲把变卖掉首饰的钱捧到罗曼的面前时，心思细腻的罗曼发现了母亲的变化：一向爱美的妈妈手腕上的玉镯子没有了；她指头上的大钻戒没有了；那条爸爸前年给妈妈送的铂金项链，也从妈妈的脖子上消失的无影无踪。</p><p>看着这一切，罗曼已经猜到了父母遇到了严重的经济压力。</p><p>她笑着接过妈妈给她的钱，装着什么也不知道一样。回过头去，背过妈妈，眼泪滴滴答答的滚落了下来。</p><p>6</p><p>晚上睡觉的时候，罗曼把父母的事告诉了张昭。本来以为张昭会唉声叹气。可是万万没有想到的是，张昭在听了罗曼的话以后，也意识到了岳父岳母可能遇到大事了。他安慰罗曼，让罗曼先好好睡觉。</p><p>第二天正好是星期六，张昭没有上班。他一大早就来到了岳父岳母家门前，开门的却是一个陌生人。这个人告诉张昭，罗曼的父母已经把这个房子卖给了他。他们已经在另一个地方租了一间小房子住了下来。</p><p>张昭打听到了岳父岳母租房的详细地址。来到他们的面前，让他们赶快搬到他和罗曼的家里。</p><p>当罗曼看到张昭把父母亲带到家里来的时候，她感动的什么话也说不出来。</p><p>只是觉得，她这一生，嫁给了张昭，无论她变成什么样子，她都是这个世界上最幸福的女人。</p><p>罗曼的腰直不起来了。可是，她的生活没有打弯。有张昭在她的身边，即使生活给她更大的痛苦和折磨，她什么也不怕。</p><div><div><div><img src=\"https://upload-images.jianshu.io/upload_images/5622904-043c35d61798eb6e.jpg?imageMogr2/auto-orient/strip%7CimageView2/2/w/400\"></div></div><br></div></div></divshow-content\"></div>');
INSERT INTO `t_article` VALUES (54, '老师，我们喜欢这样的你', '2018-06-09', '<p>\n\n</p><divshow-content\"><div><blockquote><b>谁爱孩子，孩子就爱谁，只有爱孩子的人，他才可以教育孩子。&nbsp; &nbsp;<span>&nbsp;</span></b>&nbsp; &nbsp; &nbsp; &nbsp; &nbsp; &nbsp; &nbsp; &nbsp; &nbsp; &nbsp; &nbsp; &nbsp;<span>&nbsp;</span><br>&nbsp; &nbsp; &nbsp; &nbsp; &nbsp; &nbsp; &nbsp; &nbsp; &nbsp; &nbsp; &nbsp; &nbsp; &nbsp; &nbsp; &nbsp; &nbsp; &nbsp; &nbsp; &nbsp; &nbsp; &nbsp;<span>&nbsp;</span><b>—— 高尔基</b></blockquote><p><b>01.</b></p><p>徐海东毕业于一个普通师范院校，学的是历史专业。</p><p>他不想当老师，太多关于中学教育的负面新闻让他害怕：校园暴力、学生早恋怀孕、离家出走、自杀；老师被学生或家长举报、打骂、跳楼……</p><p>在应聘了报社、电视台被拒之后，他抱着玩的心态向几个中学投了简历。没想到却陆续收到了面试通知，其中还有一个是市直中学。</p><p>他去了，结果好运气继续，竟然通过了市直中学的面试。</p><p>看来一切都是命中注定，找工作不易，且行且珍惜，海东签了合同。</p><p>他的好运是因为国家政策——自从放开二胎，各学校很多适龄女教师响应号召，努力地教书育人——教学生书、育自己人。<br></p><p>这样一来，年轻的男教师受到了学校的青睐——年轻力壮又不会怀孕休假。</p><p>徐海东正式成为一名高中老师。</p><p>新教师提前半个月进行培训，教师观、学生观、素质教育、师生关系等课题，海东听得云里雾里。最后，他得出结论：老师不是好当的。</p><p>一周后学校通知他，本学期他不仅要教两个班的历史课，还要担任高一（6）班的班主任。</p><p>这下，海东是真的慌了：刚出校门，他只有理论知识和一个月的实习经验；他贪玩，在大学没有好好学习，专业成绩很一般；他的字不好看……这样的老师和班主任，学生会接受和喜欢吗？</p><p>他像一只鸭子，被赶上了架。</p><p>开学第一课，他经过了两天的准备，还是怀着一颗忐忑的心走进教室：一张张年轻稚气的脸庞，充满好奇、探究的目光……<br></p><p>好像看到了曾经的自己，徐海东一阵激动。</p><p>还是有些紧张的，自我介绍时，他几次打结，把“四”说成“十”，把“男”说成“兰”，当他在黑板上歪歪扭扭地写下自己的名字时，他想找个地洞钻进去。</p><p>可是，学生们很兴奋，开心地讨论着：这个老师年轻，蛮帅的，脸红的样子好可爱，字写得像孩子……</p><p>学生的宽容友爱，让海东很感激，“我要当个好老师。”</p><p>然后是学生自我介绍、按高矮排好座位，还有点时间。徐海东做了很多新老师会做的一件事，调查问卷：你喜欢什么样的老师。</p><p>学生的回答五花八门，经过细心整理，他发现了排列在前五位的词汇依次为：</p><p><b>爱心，公平，不拖课占课，幽默，知识渊博……</b></p><p>这远比“教师观”“学生观”通俗易懂，海东没有惊讶，他又一次想到了曾经的自己。</p><p>是的，时代在进步，在改变，但是，有些情感和需求永远不会变——爱是永恒的主题。</p><div><div><div><img src=\"https://upload-images.jianshu.io/upload_images/5659613-2c967ad854b6f719.jpg?imageMogr2/auto-orient/strip%7CimageView2/2/w/700\"></div></div><div>图片发自简书App</div></div><p><b>02.</b></p><p>海东上网搜索：怎样爱一个人。</p><p>跳出来的回答都是关于男女爱情，他忍不住看了起来：</p><blockquote><b>爱是包容和尊重，爱一个人要接受他的优点和缺点，爱一个人要学会付出，爱一个人要多为对方着想，爱一个人要让他感觉幸福……</b></blockquote><p>海东忽然想到，这不仅是爱情的法则，也同样适应于朋友、亲人、师生。</p><p>所有的爱都是相通的，海东好像知道该怎么做了。</p><p>他努力去了解熟悉每个学生：一遍遍看学生档案，了解他们的家庭，通过学生周记分析出现的问题，及时找学生谈心……</p><p>他还尽可能地融入学生生活，除了上课和值班，他还在课后陪他们聊天、运动，经常和住校生一起在食堂吃饭……</p><p>一个班有五十个孩子，每天都有意想不到的事情发生。每当此时，海东总是在了解情况之后，尽量做到客观公正、奖罚分明地解决问题。</p><p>学生们渐渐喜欢上这个年轻的班主任，和他越来越亲近。</p><p>班级管理得很好，但是在教学方面，海东一直是心虚的：毕竟是第一年，尽管他认真地研究教材大纲、听课、备课，有些知识还是讲不透，甚至有讲错或遗漏的情况。<br></p><p>当他下一节课进行补充完善时，会先诚恳地道歉。学生却不以为然：没事，很正常，人无完人嘛。</p><p>每到考试，海东比学生还要紧张，怕他教的班级考太差。其他几个历史老师都任教多年、经验丰富，听课时就能感到自己和他们有差距。</p><p>结果一次次让他惊喜，他的教学成绩在同等班级中，一点都不差。</p><p>“亲其师，信其道”，一点不错。正是因为学生喜欢他、亲近他，所以愿意听他的话，也喜欢上了历史课。课堂以外，他们会主动地去学习。</p><p>几年以后，海东得出结论：老师的教学水平和学生成绩并非成正比，教学成绩好的老师有两种：特别狠的和特别有爱的。</p><p>而后一种老师教出来的学生不仅学习好，情商逆商也相对要高，这对他们将来的发展非常有利。<br></p><p>后来的后来，海东成了一个会“狠狠爱”学生的优秀教育者。</p><p>一学期就要结束了，各项总结评比如火如荼。年级师生大会上表扬了本学期的先进学生、班级和老师，没有徐海东。</p><p>回到班级，徐老师给先进同学发奖，有人问：“徐老师，学校先进个人怎么没有你啊？”</p><p>海东认真地说：“肯定是我不够条件，上课还有好多缺点，考试成绩不出色，班级管理也没有经验……”</p><p>他还没说完，就被一个女生抢过话头，“徐老师，我们喜欢这样的你。”同学们一起鼓掌，纷纷表示同意。</p><p>对于一个老师，还有什么比获得学生的喜欢更高的奖赏呢？</p><p>海东和同学们一起笑了，他想到了一段话：</p><blockquote><b>教育的本质是一棵树摇动另一棵树，一朵云推动另一朵云，一个灵魂唤醒另一个灵魂。</b></blockquote><p>一直以为这里指的是老师唤醒学生，事实上，学生也在不知不觉中唤醒了他。美好的情感充满了他们的心：年轻、纯真、感动、信心……</p><p>爱是付出也是获得。</p></div>\n\n</divshow-content\">');
INSERT INTO `t_article` VALUES (55, '没有云彩的天空', '2018-06-09', '<p>\n\n</p><divshow-content\"><div><div><div><div><img src=\"https://upload-images.jianshu.io/upload_images/8313024-3eb4ae26cfc6ca60.jpg?imageMogr2/auto-orient/strip%7CimageView2/2/w/666\"></div></div><div><br></div></div><br><p>没有云彩的天空，飘着密密的雨<br>湿了昨夜，湿了今朝<br>湿了你轻轻抚过的双肩</p><p>一只鸟从此飞过，叫了一声<br>风也叫了一声<br>摇落一地清脆的花音</p><p>流放枝头的惆怅<br>舞着往日温柔的絮语<br>拂过心海，落入溪间，泣于水湄</p><p>无法触摸爱的温度<br>那些曾经，那些最美<br>随万缕青丝垂落腰际</p><p>可不可以借一个柔软的角落<br>让一朵落花<br>把悲伤一点点燃烧</p><p>可不可以借一春的芬芳<br>躲开冬的寒冷<br>给我一世的温暖和怜惜</p></div>\n\n</divshow-content\">');
INSERT INTO `t_article` VALUES (56, '“她善写月亮，却并不圆满”', '2018-06-09', '<p>\n\n</p><div><div><div><divshow-content\"><div><p>有这样一句话，“人人都爱简奥斯汀”。</p><p>或许有点夸张的成分，但是我想没有一个女孩子会拒绝简奥斯汀的作品，最为著名的莫过于流传百世的《傲慢与偏见》了。善良美貌的简，痴情单纯的宾利，稳重成熟的达西，聪慧活泼的伊丽莎白，两对有情人的故事，有真诚有平等，有自由也有尊重，是很多人心中向往的美好爱情的样子。</p><p>年少时，只是单纯喜欢《傲慢与偏见》里人物的故事，未曾去了解过这样一个看似平淡普通却又让人爱不释手的故事到底是出自一个怎样的作家之手。后来，《成为简奥斯汀》让我开始去了解这位在英国文学史上有着可与莎士比亚相比地位的女作家。</p><p>终生未嫁的简奥斯汀，她创作的爱情令人印象深刻，或许很大程度上源自于她自己生活中那些略有遗憾的感情经历，让她将自己未了的心事都注入到笔下的人物中去。</p><p>影片《成为简奥斯汀》以20岁的奥斯汀和年轻律师汤姆·勒弗罗伊的相遇为背景，讲述了情窦初开的她在面对爱情、家庭、理想时所要做出的选择，而这选择使他们的命运从此走向截然不同的方向。</p><p>这是一部传记电影，也是一部感人至深的爱情片。</p><div>\n<div>\n\n<div><img src=\"//upload-images.jianshu.io/upload_images/11727817-50fc4f825fc3d16d.jpg?imageMogr2/auto-orient/strip%7CimageView2/2/w/700\"></div>\n</div>\n\n</div><p>简对于汤姆，在一开始是厌恶的，认为他不过是一个空有英俊外表，油嘴滑舌的花花公子，而后来汤姆用一本书告诉简如何成为一名真正出色的作家，一次晚会中路见不平出手相助的搏击比赛，慢慢地相处之中他们迸发出对对方不可抑制的钦慕之情，发现彼此间的灵魂是如此地契合。这里也有很多奥斯汀作品的影子，主人公思想的激烈碰撞，藏不住的欣喜，不知其所起的深情，相互仰慕的过程中一起成长。</p><p>舞会上惊鸿一瞥更是完美地诠释了何为一眼万年，何为惊艳了时光。</p><div>\n<div>\n\n<div><img src=\"//upload-images.jianshu.io/upload_images/11727817-5eb1f9438dfc0b48.gif?imageMogr2/auto-orient/strip%7CimageView2/2/w/320\"></div>\n</div>\n\n</div><p>而简那溢出的笑容不正如每一个初恋的女孩子看到自己心上人的悸动心情吗？</p><div>\n<div>\n\n<div><img src=\"//upload-images.jianshu.io/upload_images/11727817-8d40f9631a94460a.gif?imageMogr2/auto-orient/strip%7CimageView2/2/w/320\"></div>\n</div>\n\n</div><p>（喜欢一个人，真的是眼睛里都是光）</p><p>然而，贫穷的背景，需要依赖专制的舅舅提供生活费，汤姆无法向简求婚，于是，外界的阻力让这对相互倾心的男女产生了私奔的念头。</p><p>那天早晨，乡间的小路，被初露打湿的土地，一对紧张又兴奋的男女，一改英国常有的阴郁的色调，明媚的晨光打在他们肩上，看向彼此的是炽热、温情又坚定的眼神。那一刻，我真的希望他们可以挽着对方的手，一起奔向可以拥有幸福的远方。</p><p><b>我真的以为他们可以。</b></p><div>\n<div>\n\n<div><img src=\"//upload-images.jianshu.io/upload_images/11727817-d8aad76a1312b2e3.jpg?imageMogr2/auto-orient/strip%7CimageView2/2/w/700\"></div>\n</div>\n\n</div><p>当简得知汤姆身上承担着众多兄弟姐妹的生计包袱时，若是他们决定抛下一切，毁掉的不只是他们个人的名誉，还有汤姆的家庭，于是简说“<b>如果我们的爱能摧毁你的家庭，那么也会摧毁它自己，在内疚、悔恨和自责中慢慢消亡。但我们要微笑着接受它，否则我只能认为我们从来就没有相爱过”</b></p><div>\n<div>\n\n<div><img src=\"//upload-images.jianshu.io/upload_images/11727817-8a8cf1d9afad112a.jpg?imageMogr2/auto-orient/strip%7CimageView2/2/w/700\"></div>\n</div>\n\n</div><p>在简决定分别的时候，汤姆的那句“nonsense”简直很是让人揪心，看到简想要离开时的慌张害怕、脸上的不可置信、内心的纠结痛苦，接着听到简对他们的爱的确认时，他忍不住上扬的嘴角和眼睛里抑制不住的光芒，却又在极力挽救无果后，流露出绝望、愤怒、悲伤和不舍，最后马车上的一面，即是永远。</p><p>曾经那么热烈重复着的一句“I’m yours.”，一转身，便是一辈子。</p><div>\n<div>\n\n<div><img src=\"//upload-images.jianshu.io/upload_images/11727817-fad75c8bdc825bbe.jpg?imageMogr2/auto-orient/strip%7CimageView2/2/w/700\"></div>\n</div>\n\n</div><p>后来当被问到笔下的故事是否会有圆满的结局的时候，简回答说，我的角色都会心想事成的，不过要经历一些磨难。看到这里内心有点哽咽，因为自己失去了一生所爱，所以她要给自己的角色创造美好的结局，可以尽情地追求自己的幸福。看完这部电影，似乎能联想到简奥斯汀的大部分作品中的结局，而片中的汤姆也很难不让人想到另外一个经典角色——达西。我大胆且浪漫地猜想着，达西和伊丽莎白或许寄托着简对汤姆的感情，去实现他们没有做到的承诺吧。</p><div>\n<div>\n\n<div><img src=\"//upload-images.jianshu.io/upload_images/11727817-6f287150593bdf4c.jpg?imageMogr2/auto-orient/strip%7CimageView2/2/w/700\"></div>\n</div>\n\n</div><p>多年以后，简和汤姆再次相遇了，此时的简已是举世闻名的作家，而汤姆也成为了爱尔兰的首席大法官。最后一幕中，汤姆为简的朗诵鼓掌时，他已不再是当初那个迟到的轻浮小子了，婚戒的左手和洁白的右手，却是那么地唏嘘。</p><p><b>很遗憾，但不完美也成就了他们彼此。</b></p><div>\n<div>\n\n<div><img src=\"//upload-images.jianshu.io/upload_images/11727817-500be1c47844ac05.jpg?imageMogr2/auto-orient/strip%7CimageView2/2/w/700\"></div>\n</div>\n\n</div><div>\n<div>\n\n<div><img src=\"//upload-images.jianshu.io/upload_images/11727817-4e8d20deaac9965d.jpg?imageMogr2/auto-orient/strip%7CimageView2/2/w/700\"></div>\n</div>\n\n</div><p>如果说，《傲慢与偏见》，讲的是只有金钱而缺乏爱的婚姻，是无聊的，是可悲的。</p><p>那么，《成为简奥斯汀》则告诉我们，如果婚姻仅仅考虑爱情，不考虑家庭，不考虑经济，是愚昧的，是不切实际的。</p><p>影片最后则是《傲慢》的经典的开头，“有钱的单身汉总要娶位太太，这是一条举世公认的真理......”我想，这就是简奥斯汀新的开始吧……</p><p>时间能滋润一朵花的盛开，也能风化岩石变为尘埃。不想去考证到底《成为简奥斯汀》这个故事的真实性有多大，但是我愿意被这个故事所感动。因为我在这里看到了爱，看到了成全，看到了一个女子在一个世俗时代中的自我坚守与追求。</p><p><br></p><div>\n<div>\n\n<div><img src=\"//upload-images.jianshu.io/upload_images/11727817-88b1b5d50fdc56c9.jpg?imageMogr2/auto-orient/strip%7CimageView2/2/w/700\"></div>\n</div>\n\n</div>\n          </div>\n        </divshow-content\"></div>\n    </div><br></div>');
INSERT INTO `t_article` VALUES (57, '后来的我们并没有在一起', '2018-06-09', '<p>\n\n</p><div><div><div><divshow-content\"><div><p>《后来的我们》这部电影刚开始的场景是2018年除夕，十年后的林见清和方小晓在回家的火车上相遇。</p><p>但看到的第一眼时我很好奇，2018是现在的时间吧？为什么是黑白色？回忆过去时才应该用黑白色调，不是吗？<br></p><p>直到我看到2009年，林见清和方小晓在一起一年后，方小晓看到林见清在设计游戏人物，即男孩伊恩和女孩凯丽的故事时。方小晓问林见清：如果那个男孩再也找不到那个女孩了该怎么办。</p><p><br></p><p><b>“如果有一天伊恩再也找不到凯丽，那么他的世界从此再也不会有色彩。”</b></p><p><br></p><p><i>我和初恋在一起三年，异地了两年。最终还是分开了。刚分开不久，前任三上映，我去看了那部电影，不出所料地，我哭得一塌糊涂。</i></p><p><i>该如何跟一个你不想失去的人说再见？</i></p><p><i>走着走着就散了，连当初争吵着分手的理由都淡忘了。分手后我还没有见过他，怕见了会心软，只是破镜不能重圆，我们再也回不到以前。</i></p><p>2007年，春运期间，在回家过年的火车上，林见清捡到了方小晓的火车票并归还给她，因此两人相识。聊天中，林见清和朋友发现方小晓和他们是同乡。又因天气原因，火车暂停，方小晓和他们一起在茫茫大雪中跑回家。</p><p>原来，他俩都是单亲，只是方小晓的母亲再嫁到远方，而她的父亲已经去世，她回家是来陪父亲。在北京读大四的林见清只有健在的年迈父亲为他做他最爱的粘豆包。</p><p>自然而然地，孤苦伶仃的方小晓和林见清再相遇，一起吃年夜饭，一起回北京打拼。</p><p>方小晓想嫁北京人，有一套房子，找的两个男朋友都是有钱的北京人。只是都不是她的良人，一个是不敢护她的妈宝、一个是欺骗她的有妇之夫。只有林见清一直陪在她身边，照顾她。</p><p>他们喝醉发生关系，林见清被抓，方小晓装他女友替他回家过年，经历过很多事以后，他们终于认清对方的心意，于是他们在一起了。</p><p>方小晓说如果我们将来分手，就不要见面了。林见清说不行，我要知道你过的好不好。</p><p><i>我们分手半年了，分手后还没有见过对方。其实，我很想见一见他，看一看他过的好不好。<b>可是我又怕知道他过得不好，我却不能陪着他。然而，离开我以后他若过得很好，我还是会很难过，他的幸福不是我给的。</b></i></p><p>他们都为对方做了很多改变，林见清为了她努力工作，当客服、认真开发游戏…方小晓为了他，换工作、努力销售楼房…</p><p><i>我为了他放弃编导，即使在最关键的考学时刻，我仍执意和他在一起，我学着去爱，用尽了心思和精力，陪着他成长。他为了我认真学习，竭尽全力陪着我度过那段苦涩的高三。</i></p><p>只是，林见清在方小晓说分手离开他坐上地铁时没有挽留她。十年后，林见清问她如果当初没离开，结局会不会不一样。方小晓说，如果当初他有勇气踏上那个地铁挽留她，她会跟他一辈子。</p><p>我和初恋说分手时，我在实习，他放暑假在家。如果他来找我挽回，结局会不会不一样，我也不知道，现在好像都已经不重要。</p><p>&nbsp; &nbsp; &nbsp;  <b>“我已经努力变成你想要的样子了”</b></p><p><b>&nbsp; &nbsp; &nbsp;  “可我已经不是原来的样子了”</b></p><p>我觉得，林见清是最有遗憾的那一个，他只是固执地以为方小晓只想要北京户口和大房子，可方小晓和他在一起后便觉得那些都无所谓了，她只想和他有一个家。</p><p>你看，多遗憾，你不懂我。或者说，你只是懂曾经的我，于是我们就这样遗憾地错过。</p><p><i>我初恋脾气不好，遇事爱发脾气。有时候和我争吵时，他火气上来，即使当着许多人的面，他也会对我大吼大叫，甚至爆粗口。</i></p><p><i>在一起后，他也慢慢收敛了很多，只是，等不到他的蜕变，异地两年已经消耗了我的精力和感情。</i></p><p><b>&nbsp; &nbsp; &nbsp; &nbsp; &nbsp; &nbsp; &nbsp; &nbsp; &nbsp; &nbsp;  I miss you.</b></p><p>当十年后方小晓对林见清说出这句话时，我脑海中立即明白了她的意思：“林见清，我终于错过你了”可是，林见清却回答说“我也想你”。</p><p>那么多的阴差阳错和不理解，终究拆散了很多情侣。</p><p><i>因为是异地，每次搬宿舍筋疲力尽时，看到朋友的男友帮朋友时，都会很羡慕。</i></p><p><i>有一次，忙活了了一天，终于搬完宿舍时。我给初恋打电话，嗲怪他怎么从没帮我搬过行李，羡慕小青，她男友经常千里迢迢来看她、帮她搬行李。</i></p><p><i>他却生气地说，我也没帮他搬过宿舍。对方都一样，有什么值得责怪的。我顿时哑口无言。</i></p><p><i>小女生难免会抱怨吧，但女生也好哄啊，一句安慰的话或许就能解决的问题，对方却不理解。</i></p><p>不对的人终究会错过。</p><p>岁月还长，我们总会遇到懂你的人，或者只是愿意去懂你的人。</p><p><b>缘分这事 不负对方就好 想不负此生真的很难</b><br></p><div>\n<div>\n\n<div><img src=\"//upload-images.jianshu.io/upload_images/11499568-6330ca41af4f85a8.jpg?imageMogr2/auto-orient/strip%7CimageView2/2/w/657\"></div>\n</div><br></div></div></divshow-content\"></div></div></div>');
INSERT INTO `t_article` VALUES (58, '我本善良，世界不应以痛吻我', '2018-06-09', '<p>\n\n</p><div><div><p>以下是一个亲身遭遇校园欺凌者的自白。希望大家能驻足听我讲完我的故事。</p><p>今天我站出来向大家谈谈我遭遇的校园暴力的经历，把这个灰色回忆掰开了揉碎了拿出来给大家谈谈。我写这篇文章有私人恩怨的因素，但绝不仅仅是为了自己的个人目的，我更加期望的是有更多的人看到这篇文章，关注校园暴力；有更多的处于心灵成长期的中学生们或从中找到共性意识到自己正在遭受欺凌；或是有了同理心退出正在对他人实施的校园欺凌；或同时避免成为施暴者和受虐者。</p><p>那是6年前的事了，对我来说，遥远陈旧却又鲜活可见。是的，已经整整6年了，我也问自己为什么突然想起这些具体的事，最后明白，其实我从没忘记，伤疤仍在，只是我把他遗忘在角落，我之后感受到的爱将它包裹，但是当我终于有意识的认识自己，认识并追问自己的性格养成和行为选择，我发现原来初中遭受的校园暴力对我有这么深远的影响。</p><p>初二那年，我成绩突飞猛进，从班级第四变为第一，精神专注的学习，没曾想却遭人妒忌，而那个人正是曾经班级的第一，当时的我还在我小小的自我世界里，尚未意识到外面的世界是多么的凶险，可还没等我有心理准备，恶意扑面而来，闪躲不及。她先是在我的辅导书上写下书呆子三个字，继而变本加厉。她任意撕掉我的私人本子上的涂鸦。她说我鼻梁塌，对我进行各种人身攻击。只因为我家有一辆北京现代的价值7万的车，就说我的父母是贪官。她对我的恶意一点点的膨胀。她经常性的对我进行言语攻击，甚至我们之间有过两次肢体冲突，而我没有任何有效的反应，如王小波所说就像老牛缓慢受锤一样迅速暗淡了下去，我从来没有以她一样的方式还击她，而是只单薄的回她一句，你有病吧，然后哭泣，并且在跟短的时间内再和她重归于好，这无疑助长了她的恶性暴力行为。她曾说你只会使用眼泪炮弹，自己的眼泪在她眼里一文不值。你可怜的以为自己对她好，她就会对自己好，其实讨好就意味者示弱，唯一的解决方法是寻求他人的帮助。这个世界容不下懦弱的善良。最后，与老师，家长缺乏沟通与交流，父母对我情绪变化和情感状况的漠视，也造成这一件事愈演愈烈。</p><p>于是我不想学习，害怕别人觉得自己是书呆子，把努力对等成笨。于是我变得敏感多疑，我小心翼翼的行事，不敢轻易对他人动怒，却很易怒，即使发生了矛盾也总想着重归于好。我的情感陷入一种非常不稳定和动荡的阶段，我在意每个人的脸色，一旦有了些许风吹草动我就不断自责，仔细回想自己有没有做错什么。我时常哭泣和情绪失控，我不自信，在乎自己的外貌，抗拒照镜子和照相了，想去整容。我情绪浮躁，熬夜晚睡，看各种综艺节目以或消遣。我很难和别人保持亲密关系，我对情感缺乏模糊容忍度。这些都是病症。</p><p>整整六年了，我负重前行，她却安然无恙，甚至没有一句对不起。有人说，她年少无知，不过且听听她曾说的话吧，：‘’我就是针对你‘’，她对我是有意识的进行伤害，而且无论她意识与否，这绝不能使她的恶行降低半分。这个世界其实好坏混沌，坏人只是在特定的时刻对特定的人做坏事，而在其他时候常作好人，我不否定她的一切，这与我无关。但是她对我来说，是彻头彻尾的坏人，品行不端，她种了恶因，应得恶果。</p><p>整整六年了，我深深感激高中以来所有同学朋友的关爱和爸妈对我的无私包容，因为周围的爱，我才不至于堕落与抑郁，我的心灵才在一点点的恢复健全，总的来说我拥有一个乐观的生活态度，通俗来讲比较擅长自我安慰哈哈，也正因为爱，embrace more love，我才有了勇气去直面我的过往经历，我甚至才意识到自己承受了那么多本可避免的伤害，这也激发了我的使命感，我认为应当站出来去呼吁大家关注校园暴力，尽自己的一分力去保护我们脆弱的孩子。</p><p>我觉得我的经历与大多数常规受欺凌孩子的经历有更多共性，他们没有遭受身体上的过度暴力，只承受了言语攻击。我给这些同学们一些建议：</p><p>1.不要低估自己的伤害。</p><p>千万不要认为那个施暴者只是毒舌，情商低，不会讲话，你要站起来反抗，你不该接受她的无理。你应该向外界求助，因为如果你不说的话，你注定孤立无援，因为你没人能感同身受！</p><p>2.及时告诉同父母老师同学。</p><p>无论你当时和父母的沟通遇到什么阻碍，你和父母有什么样的矛盾，你都应第一时间告诉父母，让父母帮助你解决。同学老师也能作为一个介入者帮你解决问题。</p><p>3.报警</p><p>或许她的行为不构成犯罪，但是你会给她起到警示的作用。</p><p>4.不要做别人眼中言行得体的乖宝宝，以适当的方式回击。</p><p>5.在施暴后找心理医生寻求救助。</p><p>我本善良，世界不应以痛吻我；当世界以痛吻我，我不会报之以歌。孩子们，客人来了有好酒，豺狼来了有猎枪。保护好自己！不要伤害同窗！也千万不要让同窗对你施暴！</p><p>@北外的张同学。你欠我一句对不起。</p></div><br></div>\n\n');
INSERT INTO `t_article` VALUES (59, '这个曾经没落的小村庄，从无人问津到人山人海，到底经历了什么？', '2018-06-09', '<p>\n\n</p><div><div><p>平时工作忙，很少能腾出时间陪伴孩子。所谓的陪伴，是下午五六点将孩子从爷爷奶奶那里接回来一起看半个小时动画。这个假期，我们决定抽出时间，全身心陪伴孩子身边，孩子最爱看的综艺是爸爸去哪儿。他总说，电视里的明星父母对孩子有耐心，教育方法得当，我们将旅行的目的地定在爸爸去哪拍摄地，介休市张壁古堡。</p><div>\n<div>\n\n<div><img src=\"//upload-images.jianshu.io/upload_images/10952107-e813bb53236427f3?imageMogr2/auto-orient/strip%7CimageView2/2/w/531\"></div>\n</div>\n\n</div><div>\n<div>\n\n<div><img src=\"//upload-images.jianshu.io/upload_images/10952107-80bf2411ed238f56?imageMogr2/auto-orient/strip%7CimageView2/2/w/527\"></div>\n</div>\n\n</div><div>\n<div>\n\n<div><img src=\"//upload-images.jianshu.io/upload_images/10952107-71cc2f564edff1ff?imageMogr2/auto-orient/strip%7CimageView2/2/w/640\"></div>\n</div>\n\n</div><p>住宿选择木鸟短租，大平台，房源多，带孩子旅行，更多的考虑安全问题，木鸟短租为房东和房客提供保险。</p><p>刚下飞机，干燥的风吹来，立马感觉出来和平时南方湿润气候的不同。</p><p>我们和房东顺利联系后办理入住，房子很漂亮，孩子一进来就赖在床上不肯起来。</p><p>晚上我们在周围散完步，很快进入梦乡。</p><p>一大早我就被老公的尖叫声惊醒，随手抓起手机一看，已经九点半，耽误早上最后一班赶往张壁古堡的班车。我俩互相埋怨，彼此不检查闹钟设置。无可奈何之下，老公打给房东，询问是否有其他出行方式，房东说，恰巧他今天也要带女儿出行，不如搭个伴。</p><div>\n<div>\n\n<div><img src=\"//upload-images.jianshu.io/upload_images/10952107-8a534fa3fdfa432b?imageMogr2/auto-orient/strip%7CimageView2/2/w/640\"></div>\n</div>\n\n</div><div>\n<div>\n\n<div><img src=\"//upload-images.jianshu.io/upload_images/10952107-c46c5d4446a21b97?imageMogr2/auto-orient/strip%7CimageView2/2/w/543\"></div>\n</div>\n\n</div><p>路上，房东给我们介绍说，张壁古堡是国内屈指可数的几个城堡之一，早年用于军事防范措施，城堡的妙处在于进入古堡之后，你会发现张壁古堡原来是一个堡中有堡、城中有城的连环套。当然，这个曾经没落的小村庄，还多亏了爸爸去哪儿才重新又火了起来。</p><div>\n<div>\n\n<div><img src=\"//upload-images.jianshu.io/upload_images/10952107-19f55543f0f8e5e2?imageMogr2/auto-orient/strip%7CimageView2/2/w/640\"></div>\n</div>\n\n</div><div>\n<div>\n\n<div><img src=\"//upload-images.jianshu.io/upload_images/10952107-918a31fd45e66dab?imageMogr2/auto-orient/strip%7CimageView2/2/w/387\"></div>\n</div>\n\n</div><p>看到了爸爸去哪儿的拍摄现场，两个孩子异常兴奋。</p><p>从象征龙头的南堡门进入，三条蜿蜒曲折的主道就像龙脊一样，通往各个充满特色的小巷、民居。</p><div>\n<div>\n\n<div><img src=\"//upload-images.jianshu.io/upload_images/10952107-bab7e1624402d7db?imageMogr2/auto-orient/strip%7CimageView2/2/w/640\"></div>\n</div>\n\n</div><p>古堡内巷子错综复杂，相互错开。作战时，熟悉巷道的本地人可以东躲西藏，而敌人则容易迷失其中。</p><div>\n<div>\n\n<div><img src=\"//upload-images.jianshu.io/upload_images/10952107-6a3760ece8f5f054?imageMogr2/auto-orient/strip%7CimageView2/2/w/640\"></div>\n</div>\n\n</div><p>我们在古堡里钻来钻去，感受古代先民的智慧。</p><div>\n<div>\n\n<div><img src=\"//upload-images.jianshu.io/upload_images/10952107-1d7f14afe901748e?imageMogr2/auto-orient/strip%7CimageView2/2/w/480\"></div>\n</div>\n\n</div><div>\n<div>\n\n<div><img src=\"//upload-images.jianshu.io/upload_images/10952107-e648469ca4fff666?imageMogr2/auto-orient/strip%7CimageView2/2/w/640\"></div>\n</div>\n\n</div><div>\n<div>\n\n<div><img src=\"//upload-images.jianshu.io/upload_images/10952107-831ba2b748ddad9c?imageMogr2/auto-orient/strip%7CimageView2/2/w/359\"></div>\n</div>\n\n</div><p>接着，我们跟随房东来到爸爸去哪的拍摄地，古堡张壁地道，我们来的那天，游人较少，地道内仅有几束微弱的淡黄色的光，房东轻车熟路的告诉我们，地道是刘武周修建古堡后，在地下修建了上下三层，攻防兼备，张壁地道实际全长一万多米，在古代可以屯兵万人。</p><p>我们走进去，一米八的壮汉在里面尚可直起身，底下如迷宫般，设有将军窑、屯兵洞、马厩和粮仓。有的地方与水井相连，方便取水；有的地方开有出气孔，便于透风；有的地方挖设陷阱，利于防御。</p><p>向前走了几千米后，就不能再进入。其他属于保护区域尚未开发，游览最好有当地人陪伴或者和方向感极强的人结伴而行，否则极有可能迷失。</p><p>一天的游览拉近孩子的距离，两个孩子在回去的路上躲在车里的角落，仿佛青梅竹马般分享彼此的秘密。</p><p>房东笑着说，天色已晚，不如回他家为我们品尝当地特色刀削面。</p><div>\n<div>\n\n<div><img src=\"//upload-images.jianshu.io/upload_images/10952107-95fb4ee3ff14ee8a?imageMogr2/auto-orient/strip%7CimageView2/2/w/600\"></div>\n</div>\n\n</div><div>\n<div>\n\n<div><img src=\"//upload-images.jianshu.io/upload_images/10952107-98d313f1f65f7243?imageMogr2/auto-orient/strip%7CimageView2/2/w/400\"></div>\n</div>\n\n</div><p>山西地处北方，最出名的要数刀削面，房东妻子的手艺是从姥姥那一辈家传而来。</p><p>面条全靠刀削，中厚边薄，棱峰分明，搭配家酿山西老陈醋，浓香四溢，越嚼越香。</p><p>临近晚上，孩子和新认识的小伙伴依依不舍道别，回到我们定的民宿里来。</p><div>\n<div>\n\n<div><img src=\"//upload-images.jianshu.io/upload_images/10952107-2161d3b2f4a51c0a?imageMogr2/auto-orient/strip%7CimageView2/2/w/640\"></div>\n</div>\n\n</div><p>不得不夸夸房东家房子，除了好看，房间里设施一应俱全，多种功能兼备。整体地中海风格，洗衣机，烘干机，一系列生活必须品一应俱全。</p><div>\n<div>\n\n<div><img src=\"//upload-images.jianshu.io/upload_images/10952107-ddaa8fdeaf780176?imageMogr2/auto-orient/strip%7CimageView2/2/w/640\"></div>\n</div>\n\n</div><p>得知小朋友入住，贴心的房东给房间各个区域摆上绿植，净化空气。</p><p>这趟旅程，收获很大，陪伴是最长情的告白，我会珍惜陪伴孩子的每一天，留作以后最珍贵和美好的回忆。</p></div></div>\n\n');
INSERT INTO `t_article` VALUES (60, '不负时光，不负卿', '2018-06-09', '<p>\n\n</p><div><div><p>一年前，我决定去考心理咨询师的证书。<br></p><p>我的工作既不是医生也不是老师，和心理咨询压根不沾边，所以考证，和我理工科的工作没有任何关系。学这个，纯粹是为了提升自己。</p><p>进一步说，我希望能系统的学习心理学，治愈自己。我没有任何心理疾病，但是一路走来，从小到大，总有些事情是自己放不下的，总有些坎是自己很难迈过去的，问题是首先要意识到这些问题的存在，承认它们，接受它们，然后想办法改变。</p><hr><p><br></p><p>报名之后，我为自己的学习制定了详细的计划，每天早起两小时，认真学习网络课程。</p><p>前期是基础知识，这才发现，原来这才是心理学！上大学那会对心理学也产生过兴趣，于是在图书馆借了几本书，压根也没读下去，觉得很没劲。</p><p>现在看来，心理学的知识并不枯燥，如果能联系到自己的生活，越学越觉得收获多多，比如大脑的结构，比如记忆的原理，比如情绪和情感等等，我相信，这是为我打开了看世界的另一扇窗，或者，可以说看世界的方式又增加了一个维度。</p><p>后面又学到关于社会行为背后的规律，比如人际关系，婚姻家庭等等内容，还有发展心理学中关于人一生几个阶段的的大方向和规律。</p><hr><p><br></p><p>经常会有这样的时候，我坐在桌前，学着学着，就开始用自己的经历去验证这些书上的内容，发现当时想不明白的问题，一下子就豁然开朗了。</p><p>甚至还有几次，可能联想到的是自己非常不愉快的经历，表意识可能都不太愿意去回想的事情，结果一起身，发现自己已经泪流满面，滴滴答答把纸张都弄湿了。</p><p>即使最终是成为心理咨询师的人，谁的心里可以曾经没有伤呢？</p><p>我开始爱上心理学，这不仅仅是能够治愈自己，滋养自己，还能够去帮助别人，学的东西有用，就有了前进的动力。按部就班把网络课程认真学完，教材通通看了两遍，还认真为每章节手画了思维导图。</p><hr><p><br></p><p>到后面，问题来了，看考试真题，有的是书本上没有的，或者是看书时候根本不会在意的，所以有些题目根本不会做！</p><p>这又要回到做题模式中了，周末去参加考前集训，平时拼命做题反馈做题反馈。真的好多年没有考试了。那天第一次自己掐时间模拟做技能考试的真题，两小时结束后，脑袋里只有两个字： “烧脑”。更没想到的是，由于脑洞烧得太大，我夜里几乎失眠了。</p><p>最后，我当然是以很好的成绩通过了考试。别人都是靠最后刷题，而我主要是扎扎实实的学了5个月的教材。我的主要目的并不是简单通过考试，而是好好学习，顺便考个咨询师证而已~！</p><hr><p><br></p><p>那场考试结束后，我从来没有给自己的那一场学习复盘过，因为那时候知道复盘重要，但是不知道复盘这么重要。</p><p>就以这篇文来做为我的学习复盘吧！</p><p>01 <b>投入了时间和精力，必然有所收获。</b>我收获了知识，也开启了看世界的另一个维度。</p><p>心理学范围很广，但唯一的主题是离不开人，所以有人的地方，都能用到心理学。有了知识，在很多事情发生的时候，会不自觉的运用新知识去分析心理层面的问题。</p><p>02&nbsp; <b>学习新东西越系统越好，能更有效的把新知识作为一个相关联的体系去运用。</b></p><p>因此，同样的道理来对待阅读，在有条件的情况下，也应当以主题阅读的形式展开，这样能够看问题更系统更全面。</p><p><br></p><p>03&nbsp; <b>对待考试，无论如何是需要刷题的，并要在刷题的过程中寻找规律。</b></p><p>我安排看书学习的时间较多，刷题时间较少，因此没有再去总结规律，幸好有老师帮助，对技能考试直接给出总结。所以，对待哪方面都不能大意。</p><p>04&nbsp; <b>活到老，学到老</b>。</p><p>考了证不代表自己就什么都懂，还有很多东西需要投入时间精力认真的学，既然真的喜欢，就不要丢掉。</p><p>05 <b>感受过充盈丰沛，感受过不断的成长，怎么还能安于之前的生活？</b></p><p>开始学习新知识，让我彻底脱离了以往追剧淘宝的生活，其实我真的好爱看美剧，可是再见之后，就真的再也不见。因为再也回不去了，还有更重要的事在等我做~！不重要的事情，以后再说吧！其实从另一个角度来说，这个维度的意义可能更大。</p><hr><p><br></p><p>考个证本身其实不算什么，不如知识变现拿出来一说，大家就会哇~眼前一亮，但是它对我意义重大，让我觉得自己脱胎换骨的感觉。多少年的停滞不前，到步入成长的轨道，即使再慢，也不会停下脚步，任由自己碌碌无为。回想自己浪费了多少的好时光，生活漫无目标，其实真正需要你负责任的，不是别人，正是你自己。</p><p>但愿，不负时光，不负卿。</p></div><br></div>\n\n');

-- ----------------------------
-- Table structure for t_message
-- ----------------------------
DROP TABLE IF EXISTS `t_message`;
CREATE TABLE `t_message`  (
  `message_id` int(11) NOT NULL AUTO_INCREMENT,
  `message_content` longtext CHARACTER SET utf8 COLLATE utf8_general_ci NOT NULL,
  `message_date` date NOT NULL,
  `m_user_id` int(11) NOT NULL,
  PRIMARY KEY (`message_id`) USING BTREE,
  INDEX `m_uid`(`m_user_id`) USING BTREE,
  CONSTRAINT `m_uid` FOREIGN KEY (`m_user_id`) REFERENCES `t_user` (`id`) ON DELETE CASCADE ON UPDATE CASCADE
) ENGINE = InnoDB AUTO_INCREMENT = 74 CHARACTER SET = utf8 COLLATE = utf8_general_ci ROW_FORMAT = Dynamic;

-- ----------------------------
-- Records of t_message
-- ----------------------------
INSERT INTO `t_message` VALUES (60, '希望后来的我们，就是现在的我们。', '2018-06-09', 30);
INSERT INTO `t_message` VALUES (61, '我将带头冲锋！', '2018-06-09', 29);
INSERT INTO `t_message` VALUES (62, '一点寒芒先到，随后枪出如龙！', '2018-06-09', 27);
INSERT INTO `t_message` VALUES (63, '断剑重铸之日，骑士归来之时。', '2018-06-09', 28);
INSERT INTO `t_message` VALUES (64, '我的正义没人能拒绝。', '2018-06-09', 31);
INSERT INTO `t_message` VALUES (65, '后来的我们什么都有了,却没有了我们', '2018-06-09', 32);
INSERT INTO `t_message` VALUES (66, '缘分这事能不负对方就好，想不负此生真的很难', '2018-06-09', 32);
INSERT INTO `t_message` VALUES (67, '我最大的遗憾就是，你的遗憾与我无关', '2018-06-09', 32);
INSERT INTO `t_message` VALUES (68, '幸福不是故事，不幸才是', '2018-06-09', 32);
INSERT INTO `t_message` VALUES (69, '我宁可拥抱现实中的无家可归，也不愿意轻易放弃自己的梦想', '2018-06-09', 32);
INSERT INTO `t_message` VALUES (70, '美好的爱情大都相似，而不幸的爱情，最后都成了故事', '2018-06-09', 32);
INSERT INTO `t_message` VALUES (71, '我觉得吃饱了比梦想重要', '2018-06-09', 32);
INSERT INTO `t_message` VALUES (72, '我已经努力变成，你想要的样子了，可我已经不是，原来的样子了', '2018-06-09', 32);
INSERT INTO `t_message` VALUES (73, '如果当时你没走，后来的我们，会不会不一样', '2018-06-09', 32);

-- ----------------------------
-- Table structure for t_photo
-- ----------------------------
DROP TABLE IF EXISTS `t_photo`;
CREATE TABLE `t_photo`  (
  `pid` int(255) NOT NULL AUTO_INCREMENT,
  `p_path` varchar(255) CHARACTER SET utf8 COLLATE utf8_general_ci NOT NULL,
  `p_name` varchar(255) CHARACTER SET utf8 COLLATE utf8_general_ci NOT NULL,
  PRIMARY KEY (`pid`) USING BTREE
) ENGINE = InnoDB AUTO_INCREMENT = 55 CHARACTER SET = utf8 COLLATE = utf8_general_ci ROW_FORMAT = Dynamic;

-- ----------------------------
-- Records of t_photo
-- ----------------------------
INSERT INTO `t_photo` VALUES (27, 'E:\\WorkSpace\\IdeaWorkSpace\\Blog\\src\\main\\webapp\\uploadImages', '05.jpg');
INSERT INTO `t_photo` VALUES (28, 'E:\\WorkSpace\\IdeaWorkSpace\\Blog\\src\\main\\webapp\\uploadImages', '08.png');
INSERT INTO `t_photo` VALUES (29, 'E:\\WorkSpace\\IdeaWorkSpace\\Blog\\src\\main\\webapp\\uploadImages', '03.jpg');
INSERT INTO `t_photo` VALUES (30, 'E:\\WorkSpace\\IdeaWorkSpace\\Blog\\src\\main\\webapp\\uploadImages', '06.jpg');
INSERT INTO `t_photo` VALUES (31, 'E:\\WorkSpace\\IdeaWorkSpace\\Blog\\src\\main\\webapp\\uploadImages', '02.jpg');
INSERT INTO `t_photo` VALUES (32, 'E:\\WorkSpace\\IdeaWorkSpace\\Blog\\src\\main\\webapp\\uploadImages', '04.jpg');
INSERT INTO `t_photo` VALUES (33, 'E:\\WorkSpace\\IdeaWorkSpace\\Blog\\src\\main\\webapp\\uploadImages', '08.jpg');
INSERT INTO `t_photo` VALUES (34, 'E:\\WorkSpace\\IdeaWorkSpace\\Blog\\src\\main\\webapp\\uploadImages', '07.jpg');
INSERT INTO `t_photo` VALUES (35, 'E:\\WorkSpace\\IdeaWorkSpace\\Blog\\src\\main\\webapp\\uploadImages', '01.jpg');
INSERT INTO `t_photo` VALUES (36, 'E:\\WorkSpace\\IdeaWorkSpace\\Blog\\src\\main\\webapp\\uploadImages', '09.jpg');
INSERT INTO `t_photo` VALUES (37, 'E:\\WorkSpace\\IdeaWorkSpace\\Blog\\src\\main\\webapp\\uploadImages', '无标题.png');
INSERT INTO `t_photo` VALUES (38, 'E:\\WorkSpace\\IdeaWorkSpace\\Blog\\src\\main\\webapp\\uploadImages', '无标题5.png');
INSERT INTO `t_photo` VALUES (39, 'E:\\WorkSpace\\IdeaWorkSpace\\Blog\\src\\main\\webapp\\uploadImages', '无标题1.png');
INSERT INTO `t_photo` VALUES (40, 'E:\\WorkSpace\\IdeaWorkSpace\\Blog\\src\\main\\webapp\\uploadImages', '无标题3.png');
INSERT INTO `t_photo` VALUES (41, 'E:\\WorkSpace\\IdeaWorkSpace\\Blog\\src\\main\\webapp\\uploadImages', '无标题4.png');
INSERT INTO `t_photo` VALUES (49, 'E:\\WorkSpace\\IdeaWorkSpace\\Blog\\src\\main\\webapp\\uploadImages', '1 _1_.jpg');
INSERT INTO `t_photo` VALUES (50, 'E:\\WorkSpace\\IdeaWorkSpace\\Blog\\src\\main\\webapp\\uploadImages', '1 _6_.jpg');
INSERT INTO `t_photo` VALUES (51, 'E:\\WorkSpace\\IdeaWorkSpace\\Blog\\src\\main\\webapp\\uploadImages', '1 _2_.jpg');
INSERT INTO `t_photo` VALUES (52, 'E:\\WorkSpace\\IdeaWorkSpace\\Blog\\src\\main\\webapp\\uploadImages', '1 _3_.jpg');
INSERT INTO `t_photo` VALUES (53, 'E:\\WorkSpace\\IdeaWorkSpace\\Blog\\src\\main\\webapp\\uploadImages', '1 _4_.jpg');
INSERT INTO `t_photo` VALUES (54, 'E:\\WorkSpace\\IdeaWorkSpace\\Blog\\src\\main\\webapp\\uploadImages', '1 _5_.jpg');

-- ----------------------------
-- Table structure for t_user
-- ----------------------------
DROP TABLE IF EXISTS `t_user`;
CREATE TABLE `t_user`  (
  `id` int(255) NOT NULL AUTO_INCREMENT,
  `userName` varchar(255) CHARACTER SET utf8 COLLATE utf8_general_ci NOT NULL,
  `password` varchar(255) CHARACTER SET utf8 COLLATE utf8_general_ci NOT NULL,
  `sex` varchar(255) CHARACTER SET utf8 COLLATE utf8_general_ci NOT NULL,
  `birthday` date NOT NULL,
  `email` varchar(255) CHARACTER SET utf8 COLLATE utf8_general_ci NOT NULL,
  `userDesc` varchar(255) CHARACTER SET utf8 COLLATE utf8_general_ci NULL DEFAULT NULL,
  PRIMARY KEY (`id`) USING BTREE
) ENGINE = InnoDB AUTO_INCREMENT = 33 CHARACTER SET = utf8 COLLATE = utf8_general_ci ROW_FORMAT = Dynamic;

-- ----------------------------
-- Records of t_user
-- ----------------------------
INSERT INTO `t_user` VALUES (27, '袁帅', '123456', '男', '2018-05-01', '872345684@qq.com', '胖虎');
INSERT INTO `t_user` VALUES (28, '张鹏鑫', '123456', '男', '2018-05-16', '1764646687@qq.com', '鑫鑫');
INSERT INTO `t_user` VALUES (29, '盖伦', '123456', '男', '2018-05-31', '123456@qq.com', '德玛西亚之力');
INSERT INTO `t_user` VALUES (30, '艾希', '123456', '女', '2018-06-01', '123456@qq.com', '寒冰射手');
INSERT INTO `t_user` VALUES (31, 'Uzi', '123456', '男', '2000-01-01', '123456@qq.com', '简自豪');
INSERT INTO `t_user` VALUES (32, '笔芯', '123456', '女', '2018-06-09', '13638638386@163.com', '比心');

SET FOREIGN_KEY_CHECKS = 1;
